{
    "min": [
        -0.36291463727441353, 
        0.16337611027170862, 
        0.8938553617085758, 
        0.4576108929312168, 
        -0.16858202384690224, 
        0.02918856471650999, 
        0.036705599601120964, 
        -0.11779073803894635, 
        -0.09097883457463551, 
        0.2506911575876236, 
        0.18734548989007083, 
        -0.1985946262458682, 
        -0.17118165222243464, 
        -0.18724554782047553, 
        -0.18443694970866764, 
        -0.48158196283088683, 
        -0.3296097331858133, 
        -0.28947446209250594, 
        0.34373308448090856, 
        0.020851537416437083, 
        0.38819408945354805, 
        -0.44295741425278, 
        -0.055043515154100664, 
        0.32876185283571835, 
        0.20134266732143602, 
        -0.02426746966866744, 
        -0.39421365789901286, 
        0.5890317792657345, 
        0.15427439770958462, 
        0.17433054441110518, 
        -3.2222222222222223
    ], 
    "range": [
        30.381452699881944, 
        16.05890875230167, 
        61.32991334536022, 
        30.965536336509214, 
        35.003931163547236, 
        22.159353626433848, 
        22.078708526402895, 
        20.59662219897728, 
        26.000460171279446, 
        25.349569295011403, 
        45.507397037619896, 
        19.479203681476438, 
        22.669730107614416, 
        42.07995443129686, 
        22.47829100402925, 
        32.844685944186274, 
        32.22594212299588, 
        24.0215025782069, 
        17.522762898964423, 
        17.77808974794693, 
        28.45586100873688, 
        38.92737865652554, 
        21.136743798879593, 
        23.341835401940873, 
        24.296358490920433, 
        27.43693602823597, 
        26.45569258477376, 
        31.0924082904076, 
        17.105976833340247, 
        20.4339830675282, 
        0.2222222222222222
    ]
}