{
    "min": [
        0.6662799017449672, 
        0.3611650525703609, 
        -0.4412703248979538, 
        0.04986696506616939, 
        -0.019655292352120712, 
        -0.12927964844214812, 
        0.5902386379643054, 
        -0.04841985401396198, 
        -0.37098808848027154, 
        0.18862622622854097, 
        0.4080259522044003, 
        -0.06116583203493242, 
        -0.16729942013211607, 
        -0.11180297739343048, 
        -0.20792064278612654, 
        -0.3248746741877997, 
        -0.47322335871315846, 
        -0.4106024469661238, 
        -0.21469225894469746, 
        0.0206540868024796, 
        0.45509227763104887, 
        0.03265660469541842, 
        -0.6526188061382036, 
        -0.10461139334248093, 
        -0.22335556241299548, 
        -0.2020198088278946, 
        -0.8394353953756135, 
        -0.4676217177641131, 
        0.10174379708624515, 
        0.08594432359764603, 
        -3.2222222222222223
    ], 
    "range": [
        32.70065562639354, 
        17.80810044640738, 
        31.4084759489451, 
        21.389760414493413, 
        25.880821895761304, 
        24.24064639670485, 
        31.111428256607134, 
        22.7530107015308, 
        30.369409332476874, 
        19.214298752321852, 
        32.59418371003794, 
        19.94513821907874, 
        22.88810531832473, 
        42.17532575025398, 
        19.640380460874056, 
        32.33074448456958, 
        27.84515832489189, 
        29.593397145094123, 
        23.399252958742952, 
        17.810878293541048, 
        22.149066472898298, 
        21.99626828033898, 
        29.895507096625767, 
        20.048028454785317, 
        23.28665535054977, 
        15.238925610795325, 
        64.54918373854328, 
        37.85366642361363, 
        25.14824447955205, 
        17.161270448655518, 
        0.2222222222222222
    ]
}