{
    "min": [
        0.5054713383678329, 
        0.397424121101946, 
        0.6741828088711859, 
        0.4772081730577915, 
        1.008124578176261, 
        -0.7974063281714312, 
        0.4404009689346482, 
        -0.4118861791027638, 
        0.7542601929858141, 
        -0.2287204920954541, 
        -0.9050534285584826, 
        -0.936912995509191, 
        -0.6941299031624186, 
        0.6807915654997849, 
        0.7826259113643612, 
        0.6982051319168929, 
        0.19204414442933837, 
        -0.42901135069226837, 
        0.01666937414266001, 
        -0.6458690806080656, 
        0.39956155361961976, 
        0.18529649771642442, 
        -0.4528367116199179, 
        -0.02919735804096213, 
        -0.7607804265806614, 
        0.42386499104576325, 
        -0.5425717547329707, 
        -0.4795684769501172, 
        -0.6889529963030423, 
        -0.8911881823485759, 
        -21.0
    ], 
    "range": [
        32.94340277398954, 
        106.04266941162825, 
        256.8528332190214, 
        71.79155101865301, 
        39.14287768012707, 
        49.72078129969221, 
        16.545430697502763, 
        24.18253347326282, 
        25.037671126691386, 
        27.45535574572251, 
        94.30555853077266, 
        85.1083150960908, 
        56.576772328379754, 
        27.514661015671596, 
        44.1755622781903, 
        20.89082783972062, 
        24.839803926408223, 
        95.97060848664346, 
        70.34840972441756, 
        105.61503359208328, 
        91.03580619499402, 
        64.23849431343949, 
        25.852861247474348, 
        42.76628046781968, 
        52.35939898246505, 
        35.644013755801694, 
        186.3104848266354, 
        56.86972815944172, 
        36.46952143604055, 
        65.9650801247625, 
        2.0
    ]
}