{
    "min": [
        -0.3553254536799685, 
        0.29192878949305334, 
        1.125590085771285, 
        -0.1428713895351128, 
        -0.5421510726687058, 
        -0.036645504120722094, 
        0.6232777191924599, 
        -0.37027684959462104, 
        0.43263085842892246, 
        -0.3852895238400945, 
        0.10757336410212437, 
        -0.1822653527825948, 
        -0.38071735903142245, 
        -0.34806417420968727, 
        -0.3915215722606694, 
        -0.34629701130780643, 
        -0.6476135293151402, 
        -0.44056537766440185, 
        -0.3618076119169864, 
        -0.10349956189661935, 
        0.25156949194383693, 
        0.6040201626576154, 
        0.10232094226488697, 
        0.13693846438005197, 
        -0.736699834756011, 
        0.28808327726968996, 
        0.3245614547829794, 
        -0.3989370006415959, 
        -0.1914374821125887, 
        0.0027247669351062598, 
        -1.6666666666666665
    ], 
    "range": [
        15.534631927073596, 
        24.705594774807455, 
        55.32528268058514, 
        19.80992887019127, 
        21.509120792477127, 
        18.16888465907588, 
        15.837891107165865, 
        42.41398240182368, 
        31.0789053841638, 
        25.258961068806382, 
        108.76427757590413, 
        27.836375865728577, 
        27.25166331058007, 
        19.49419537530527, 
        60.558842738918024, 
        28.44323087485203, 
        35.93654635800866, 
        35.45991755298263, 
        25.360728376814368, 
        25.25316192512595, 
        28.63602665247671, 
        24.1793763662183, 
        19.017309697875938, 
        65.37751210167156, 
        53.944310120909115, 
        27.745570190402685, 
        29.84107129314104, 
        24.903941176404256, 
        25.514506314366983, 
        15.900077001294814, 
        0.06666666666666667
    ]
}