{
    "min": [
        0.28441767349194547, 
        -0.005238680175800647, 
        0.15846805673118403, 
        -0.6249808705878165, 
        -0.046088599422731136, 
        -0.0037810832954561224, 
        0.5119794371440407, 
        -0.6011498769701009, 
        0.3000686554978753, 
        0.0709786684951137, 
        0.5079543059715761, 
        0.2164525529790371, 
        0.29201620981382126, 
        0.04688779471977966, 
        -0.09837279057360515, 
        0.842841748989448, 
        0.250726185057802, 
        0.3406363493807827, 
        0.03831914442255946, 
        -0.645973476153107, 
        -0.4033580483268545, 
        0.14600805769029734, 
        0.06017996086745003, 
        0.24316708994325964, 
        -0.031668600430074134, 
        0.045211004157322376, 
        0.7945752759241693, 
        -0.11926269330797823, 
        0.434579847655717, 
        0.08470185886860948, 
        -3.2222222222222223
    ], 
    "range": [
        13.723457415271037, 
        20.452416753056884, 
        21.540213447522117, 
        23.841585833940254, 
        28.740397314857454, 
        16.951572180882113, 
        14.183351427466588, 
        25.205760396799977, 
        26.59705790513706, 
        26.441551912795113, 
        22.88559383457626, 
        22.004082167450363, 
        19.874244006678193, 
        21.352666494088684, 
        21.183979573234208, 
        30.478260183281233, 
        23.650902470955423, 
        19.709223748941234, 
        30.82358597117948, 
        32.39237743883392, 
        39.606794859583154, 
        22.76783444639929, 
        21.389252365555343, 
        29.719727184130512, 
        23.643922414597498, 
        15.094128974332465, 
        16.461953840739394, 
        19.06823569228564, 
        19.78508673723447, 
        39.37836902818146, 
        0.2222222222222222
    ]
}