{
    "min": [
        0.8308625995359944, 
        0.49270669988521165, 
        -0.3799863509888963, 
        0.3104698603341052, 
        0.10083081475860678, 
        0.12718493506320105, 
        0.6689799375905652, 
        0.5479938907693542, 
        -0.13790788290928258, 
        -0.31555837908438567, 
        0.24070960612571968, 
        -0.09620179158283504, 
        -0.08754456414146317, 
        -0.10819465188483413, 
        0.007102976110642034, 
        -0.8034912754604568, 
        -0.5737881000822717, 
        -0.6247276897021872, 
        0.11736059853993863, 
        0.27779002362295757, 
        -0.24564256947539176, 
        -0.039560214355315426, 
        -0.26143141806122927, 
        0.12630995265589684, 
        -0.20954632599076506, 
        -0.2346472358131838, 
        0.5705306603659193, 
        -0.009872046567499182, 
        0.0725591427953809, 
        0.5357008562958103, 
        -3.2222222222222223
    ], 
    "range": [
        30.494830354840538, 
        21.794636465591974, 
        19.999238685387642, 
        27.71462040194985, 
        46.93681803737466, 
        31.819098550041744, 
        23.933985301088192, 
        20.465793033730346, 
        23.983659374395067, 
        22.101832658275946, 
        32.029013475183326, 
        18.868173975649977, 
        23.974420607838358, 
        19.395376538061964, 
        19.842154927145376, 
        16.51127898929148, 
        25.427645304461038, 
        20.202094110858187, 
        22.334588521215508, 
        13.93817583781051, 
        19.27299646024737, 
        30.705072362131716, 
        21.06506049295734, 
        19.251021624793783, 
        30.398726211871534, 
        31.572982425409258, 
        32.5194775216447, 
        16.977547078322218, 
        14.462616515824521, 
        34.392081431794004, 
        0.2222222222222222
    ]
}