{
    "min": [
        -0.10100579582240332, 
        0.11240763180956725, 
        -0.2746724007260354, 
        0.26265974801531655, 
        -0.23355554201958106, 
        -0.4504731006439362, 
        0.003411751443874511, 
        -0.6771493771454783, 
        0.28888077226741604, 
        0.4960478751482682, 
        0.04918117731593874, 
        0.4717639482923477, 
        -0.016861973556006937, 
        -0.2087461060812118, 
        -0.10225945003471926, 
        -0.5399692661400908, 
        0.6142046924349294, 
        0.8378490145988258, 
        -0.04219421564261072, 
        0.2832463725680605, 
        0.08456759270454506, 
        0.12364094224815725, 
        -0.8164970129799964, 
        -0.5515308543198163, 
        -0.05031135049196789, 
        -0.5363173179782077, 
        0.39929624366578764, 
        -0.04048117941891216, 
        0.15159288228854395, 
        0.09038457407227729, 
        -3.2222222222222223
    ], 
    "range": [
        22.345365249043354, 
        23.1378125195939, 
        27.193866315613597, 
        21.408449356147763, 
        29.148097109626377, 
        39.75904774502791, 
        17.01536400665133, 
        23.537981283071378, 
        20.653959991579296, 
        14.487332146139348, 
        32.346440966710844, 
        20.75459457115356, 
        23.700799017988995, 
        20.146655608991257, 
        18.69827450227512, 
        24.290986415634254, 
        32.56843295368527, 
        18.898048307850395, 
        19.644216064072623, 
        13.789856430131186, 
        29.998640723310093, 
        30.72349640756977, 
        16.084767872015842, 
        40.01030431321663, 
        20.622813472278573, 
        20.624163614712984, 
        20.050096337885236, 
        31.1512575373237, 
        22.9102210346569, 
        15.138052888304726, 
        0.2222222222222222
    ]
}