{
    "min": [
        -0.31681235561931886, 
        0.17956428235460953, 
        0.10051982033465046, 
        -0.15751192520085178, 
        -0.5869481067318165, 
        0.0683003171647174, 
        -0.21948543007032406, 
        0.058992769903651654, 
        -0.11769034503768783, 
        -0.3516671029842293, 
        -0.72663981812886, 
        -0.34601493664235694, 
        -0.10171898827964343, 
        -0.212564342363457, 
        0.2570550501719462, 
        0.2527234596950121, 
        -0.1336092223837857, 
        0.794108199389123, 
        0.24755013542541282, 
        -0.1546862755210805, 
        -3.2222222222222223
    ], 
    "range": [
        20.891272283373997, 
        22.54107012875296, 
        25.290902366353688, 
        20.485534057608334, 
        18.045321476082073, 
        26.844581812128517, 
        26.675733764941768, 
        22.291212421838093, 
        32.07563128459341, 
        21.88626031617048, 
        16.18667033425574, 
        28.153468107759117, 
        17.49135289542426, 
        20.856954471646628, 
        27.23923812057122, 
        22.09342836074536, 
        27.387203369486098, 
        17.745506037001586, 
        25.635792987442983, 
        25.574026842534813, 
        0.2222222222222222
    ]
}